RailSync 🚂 — Enterprise Java Backend Specification (30 Features),,,,,,,,
Architectural Blueprint for Migrating RailSync from Serverless Prototype to High-Concurrency Java 21 / Spring Boot 3 Engine,,,,,,,,
Feature ID,Module / Domain,Feature Name,Core Functionality & Purpose,RailSync Component Integration,Java Tech Stack & Libraries,Architecture / Technical Implementation,Complexity,Priority
F01,1. Real-Time GPS Telemetry,High-Throughput GPS Stream Ingestion Pipeline,Ingests high-frequency GPS telemetry packets from locomotive RTIS devices without packet drops or thread starvation.,"LiveTracker.js (Telemetry HUD), TrackMap.js (Real-time marker updates)","Spring Cloud Stream, Apache Kafka, Spring WebFlux, Netty","Decodes binary/JSON telemetry payloads, validates hardware signatures, checks timestamp monotonicity, and writes to partitioned Kafka topic 'train-telemetry-events'.",High,P0
F02,1. Real-Time GPS Telemetry,Spatial Corridor Map Matching & Distance-to-Go,"Snaps raw, jittery GPS coordinates onto official Indian Railways track polylines and computes remaining distance to upcoming stations.","RouteRibbon.js (Permanent way sleeper pips), TrackMap.js (Corridor polyline)","Hibernate Spatial, PostGIS, JTS Topology Suite","Projects point onto line segments using ST_ClosestPoint and ST_LineLocatePoint across 68,000+ km of GIS track database, eliminating off-track GPS noise.",High,P0
F03,1. Real-Time GPS Telemetry,Reactive WebSocket / SSE Telemetry Broadcaster,Replaces client-side 30-second interval polling with low-latency reactive server-push streams.,"LiveTracker.js (Auto-refresh loop), Navbar.js (Live clock & sync)","Spring WebSocket, STOMP Protocol, Project Reactor (Flux/SSE)",Establishes persistent STOMP/WebSocket channels per train (/topic/train/{trainNumber}). Broadcasts telemetry packets on GPS ingestion with sub-second latency.,Medium,P0
F04,1. Real-Time GPS Telemetry,Locomotive Dynamic Bearing & Smoothing Engine,Calculates smooth navigational heading azimuth between sequential GPS pings to orient the locomotive marker realistically.,"TrackMap.js (Directional locomotive rotation), LiveTracker.js (Compass HUD)","Apache Commons Math (Kalman Filter), Java Math",Executes Haversine forward azimuth calculations combined with 1D Kalman filtering to prevent visual jitter when trains negotiate curves or stop at signals.,Medium,P1
F05,1. Real-Time GPS Telemetry,Train Rake Composition & Rolling Stock Registry,Maintains physical locomotive and coach sequences from engine to guard van with class specifications.,"CoachLayout.js (Train rake diagram), PnrSection.js (Coach highlight)","Spring Data JPA, PostgreSQL, Lombok, Jackson GeoJSON","Relational model representing rakes, coach sequences (WAP-7, EOG, 3A, 2A, 1A, PC, SL, SLR), tare weights, coach classes, and reverse-rake configurations for terminus stations.",Medium,P1
F06,2. PNR & Passenger Services,10-Digit PNR Lifecycle & Waitlist Tracker,"Validates 10-digit PNR checksum, fetches passenger ticket status, and tracks waitlist (WL/RAC) transitions.","PnrSection.js (10-digit input & dot-matrix slip), HomePage.js (Quick test PNR)","Spring Boot REST, Jakarta Bean Validation, Hibernate Validator","Validates Modulus-11 checksums, queries PRS databases, and manages transitions across GNWL, PQWL, RLWL, RAC, and Confirmed states.",Medium,P0
F07,2. PNR & Passenger Services,Algorithmic 8-Berth Compartment Bay & Cutaway Mapper,Computes spatial berth positions and seat layout for any coach type and berth number.,"BerthMap.js (8-berth cutaway bay diagram, window/aisle indicators)","Core Java 21, Strategy Pattern, Unit Tested with JUnit 5","Encapsulates modulo-8 (Sleeper/3AC), modulo-6 (2AC), and modulo-9 (3AC Economy) formulas, resolving Lower, Middle, Upper, Side Lower, Side Upper, and Window indicators.",Low,P0
F08,2. PNR & Passenger Services,Automated Chart Preparation Watchdog & Event Publisher,Detects chart preparation 4 hours prior to train departure and triggers passenger alerts.,PnrSection.js (CHART PREPARED badge & allocation table),"Quartz Scheduler, Spring Batch, ApplicationEventPublisher","Monitors departure schedules; when chart status flips to 'CHART PREPARED', freezes seat allocations and publishes ChartPreparedEvent to alert dispatchers.",Medium,P1
F09,2. PNR & Passenger Services,PRS Dot-Matrix PDF & Digital Boarding Pass Generator,Generates authentic Indian Railways dot-matrix styled boarding passes and PDF e-tickets with QR codes.,PnrSection.js (Print/Download Ticket button),"OpenPDF / iText 7, ZXing (Zebra Crossing Barcode/QR)",Renders monospace dot-matrix formatted PDF tickets with encrypted HMAC-signed QR codes for TTE validation and offline passenger retention.,Low,P2
F10,2. PNR & Passenger Services,Waitlist Confirmation Probability Predictor,Predicts the percentage likelihood of waitlisted tickets getting confirmed before departure.,PnrSection.js (Confirmation Probability Gauge),"ONNX Runtime Java, Tribuo (Java ML), Spring Service","Evaluates historical PRS cancellation rates, seasonal peak quotas (Diwali, Summer), current waitlist position, and days-to-journey using an ONNX regression model.",High,P1
F11,3. Station Operations & Display,"7,300+ Stations Master In-Memory Search & Spatial Index",Sub-millisecond station autocomplete and geographic proximity search across 17 railway zones.,"SearchSection.js (Origin/Destination autocomplete), HomePage.js (Station search)","Redis Search (RediSearch), Spring Data Redis, Jedis/Lettuce","Builds an in-memory prefix trie and Levenshtein fuzzy index over 7,300+ stations, indexing station codes, English/Hindi names, zones, and GIS coordinates.",Medium,P0
F12,3. Station Operations & Display,Electronic Split-Flap Station Board Aggregator,Generates real-time platform arrival and departure schedules matching station LED matrix boards.,"StationBoard.js (LED matrix table, 2h/4h/8h lookahead filters)","Spring WebFlux, Caffeine Cache, Java Time API","Aggregates and caches movements within rolling temporal lookaheads (Next 2, 4, 8 hours). Calculates expected arrival times and live delay discrepancies.",Medium,P0
F13,3. Station Operations & Display,Dynamic Platform Conflict & Berthing Allocation Engine,Detects track conflicts and manages platform assignments at busy junction stations.,"StationBoard.js (Platform column), LiveTracker.js (Arrival platform HUD)","Timefold Solver (OptaPlanner), Java Concurrency Locks","Models platform track constraints; when delays cause two trains to compete for Platform 1, automatically calculates alternative platform reassignments and logs audits.",Critical,P1
F14,3. Station Operations & Display,17 Railway Zones & 68 Divisions Organizational Hierarchy,Provides master organizational directory and administrative segmentation for Indian Railways operations.,"SearchSection.js (Zone filtering), HomePage.js (Network statistics)","Spring Data JPA, PostgreSQL (Closure Table Pattern)","Maintains hierarchical tree of Zones (NR, WR, CR, etc.) down to 68 Operating Divisions, enabling zone-level traffic filtering and role-based station master permissions.",Low,P2
F15,3. Station Operations & Display,Timetable & Multi-Day Halt Schedule Engine,"Manages scheduled arrival/departure times, halt durations, distance offsets, and multi-day train runs.","RouteRibbon.js (Halt duration & timetable view), SearchSection.js (Results card)","Spring Data JPA, Flyway Migrations, Java Time API (ZonedDateTime)","Stores timetable waypoints; accurately computes day crossovers (Day 0, Day 1, Day 2) and timezone consistency in IST across cross-country long-haul routes.",Medium,P0
F16,4. Predictive Delays & Scheduling,Three-Aspect Railway Signal Rule Evaluator,"Classifies train delay into authentic Indian Railways signal aspects: Green, Amber, Red.","RouteRibbon.js (Signal pips), LiveTracker.js (Signal indicator badge)",Drools Rule Engine / Spring Strategy Pattern,"Evaluates delay thresholds: Green (Line Clear <= 5m), Amber (Caution 5-25m), Red (Danger > 25m or Cancelled). Outputs signal aspect enum to all clients.",Low,P0
F17,4. Predictive Delays & Scheduling,Cascading Corridor Delay Propagation Engine,Simulates and forecasts downstream delays caused by bottleneck holds at preceding stations.,"LiveTracker.js (Expected vs Scheduled times), RouteRibbon.js (Future halt forecasts)","JGraphT (Directed Acyclic Graph), Apache Flink / Java Stream","Traverses rail route graph; calculates cascading delays based on track sectional capacity, single-track crossings, and minimum platform turnaround constraints.",High,P1
F18,4. Predictive Delays & Scheduling,Multi-Leg Journey Planner & Connecting Route Solver,Discovers direct and 1-stop/2-stop transfer itineraries between stations without direct trains.,SearchSection.js (Journey planner & alternate route tabs),"Neo4j Graph Database, Spring Data Neo4j, Dijkstra Routing Algorithm",Executes multi-leg graph traversal across the railway network with minimum transfer time safeguards (>= 45 mins platform change interval).,High,P1
F19,4. Predictive Delays & Scheduling,Historical Punctuality & Corridor Analytics Engine,Computes rolling 30/90-day punctuality ratings and average delay metrics for passenger trains.,"HomePage.js (Premier corridors & stats), LiveTracker.js (Reliability rating)","TimescaleDB / ClickHouse, Spring Data JPA, Scheduled Aggregator","Aggregates daily runs into on-time performance (OTP) percentage, punctuality index, and seasonal fog/monsoon delay trends.",Medium,P2
F20,4. Predictive Delays & Scheduling,"Rescheduling, Diversion & Speed Restriction (TSR) Engine","Tracks train diversions, cancellations, short-terminations, and temporary speed restrictions.","TrackMap.js (Diverted route line), RouteRibbon.js (Skipped station badges)","Spring Data JPA, Jackson GeoJSON, Event-driven architecture",Dynamically updates active corridor polylines and alerts clients when emergency track work causes diversions via loop lines.,Medium,P1
F21,5. Notifications & Audio Subsystems,Multi-Channel Passenger Notification Hub,"Dispatches proactive notifications via SMS, WhatsApp, and Web Push for major journey events.","PnrSection.js (Notification toggle), LiveTracker.js (Delay alert modal)","Spring Cloud AWS (SNS), Twilio SDK / Gupshup WhatsApp API, RabbitMQ","Asynchronous message consumer that sends platform allocation alerts, 30-min delay warnings, and charting notifications to booked travelers.",Medium,P1
F22,5. Notifications & Audio Subsystems,Geofenced Destination Wake-Up Alarm Service,Triggers wake-up notifications or IVR calls before a passenger reaches their destination.,LiveTracker.js (Set Destination Alarm button),"Spatial Geofence Checker, RabbitMQ Delayed Exchange, Twilio Voice",Monitors GPS proximity; automatically fires automated wake-up phone calls or high-priority mobile push notifications 15 km or 30 minutes prior to arrival.,Medium,P1
F23,5. Notifications & Audio Subsystems,Server-Side 3-Language Audio Announcement Synthesizer,"Generates full audio announcements (Hindi, English, regional) prepended by the 4-tone chime.","audio-chime.js (Web Audio synthesizer integration), StationBoard.js (Play announcement)","Java Sound API, Google Cloud / Azure TTS SDK, FFmpeg Java Wrapper",Combines synthesized 4-tone station chime (G4-C5-D5-G5) with dynamic station master voice tracks ('Yatri kripya dhyan dein... Gaadi sankhya...').,Medium,P2
F24,5. Notifications & Audio Subsystems,Crowdsourced Passenger Sighting & Consensus Engine,Ingests telemetry reported by onboard passengers and cross-verifies locations using consensus.,LiveTracker.js (Report Current Station button),"Redis Geospatial (GEOADD / GEORADIUS), Spring WebFlux",Collects cell tower and GPS pings from onboard passengers; applies statistical consensus algorithms to filter out malicious or faulty telemetry.,High,P2
F25,5. Notifications & Audio Subsystems,RailMadad Grievance & Pantry Cleanliness Subsystem,"Enables passengers to log coach cleanliness, AC, and pantry food complaints with PNR context.",PnrSection.js (Report Coach Issue button),"Spring Data JPA, MinIO / AWS S3 SDK (Photo attachments), REST APIs","Records complaint tickets with Coach/Berth metadata, auto-routes to on-duty coach attendants, and integrates with Indian Railways RailMadad escalation endpoints.",Low,P2
F26,"6. Architecture, Security & Resilience",Hybrid Multi-Tier Caching & Rate Limiting Engine,Shields external railway APIs from rate limits while providing sub-10ms response latencies.,"lib/railkit.js (API proxy replacement), app/api/* routes","Redis, Caffeine (L1 in-JVM cache), Bucket4j (Token Bucket)","Implements two-tier cache: L1 (local JVM memory, 10s TTL for live telemetry) + L2 (Distributed Redis, 60s TTL for station boards, 24h for static timetables).",Medium,P0
F27,"6. Architecture, Security & Resilience","API Key Management, Quotas & Developer Tiering","Secures endpoints, handles developer registration, and enforces daily rate quotas.","ApiKeyModal.js (Link API key dialog), Navbar.js (Key status indicator)","Spring Security 6, Nimbus JOSE + JWT, Spring Data JPA","Issues cryptographically signed API tokens, validates client keys, and enforces tier limits (Free: 1,000 req/day; Pro: 100,000 req/day) via Redis atomic counters.",Medium,P0
F28,"6. Architecture, Security & Resilience",High-Concurrency Virtual Thread Engine (Project Loom),"Empowers the server to handle 50,000+ simultaneous tracking connections with low RAM overhead.",Entire RailSync Backend (Thread pool architecture),"Java 21 LTS (Project Loom), Spring Boot 3.2+ (spring.threads.virtual.enabled=true)","Replaces heavy OS platform threads with lightweight JVM Virtual Threads, preventing thread exhaustion during external railway network calls and blocking I/O.",Low,P0
F29,"6. Architecture, Security & Resilience",Circuit Breaker & Fallback Simulation Engine,Ensures 100% uptime by serving cached or simulated corridors if upstream railway APIs fail.,lib/railkit.js (Offline mock fallback replacement),"Resilience4j (CircuitBreaker, Retry, TimeLimiter, RateLimiter)","Monitors upstream health; opens circuit breaker on error rate > 30% or latency > 2.5s, gracefully falling back to simulated corridor telemetry without crashing.",Medium,P0
F30,"6. Architecture, Security & Resilience",Distributed Tracing & APM Telemetry Observability,"Provides full system visibility into request latencies, active WebSockets, and error spikes.","Telemetry HUD, API Key manager, Server logs","Micrometer, OpenTelemetry, Prometheus, Grafana, Micrometer Tracing","Captures trace IDs across API proxies, records p95/p99 response times, JVM heap/virtual thread metrics, and provides operational Grafana dashboards.",Medium,P1
